NAME,AUTHOR,LINK,T/F,UPVOTES,DATE-TIME
"Working on getting her used to walks, but she's not too keen on them...",NotLikeThis3,https://imgur.com/KbAo7vL ,F,0,2020-03-05 19:52:20
Cute,DatguyDe,https://i.redd.it/bzuoomy4wvk41.jpg ,F,0,2020-03-05 19:51:26
Iz ur feets? I sleeps!,Rastavaray,https://i.redd.it/rv005x20wvk41.jpg ,F,0,2020-03-05 19:50:31
Nice and cozy,Relleomylime,https://i.redd.it/mhefzs1owvk41.jpg ,F,0,2020-03-05 19:54:17
Meet sunny. She‚Äôs 15 and this is how she asks for belly rubs,nsepshun,https://i.redd.it/lhp0esanwvk41.jpg ,F,0,2020-03-05 19:54:07
Time for a nap,cegm_,https://i.redd.it/b687nz7lwvk41.jpg ,F,0,2020-03-05 19:53:53
Super cute,Finnishviha,https://i.redd.it/7kdqdjhjwvk41.jpg ,F,0,2020-03-05 19:53:32
"This is the face of a dog who refused to get a butt trim, refused a bath and stole a treat that I had to then pay for. ü§¶‚Äç‚ôÄÔ∏è",bazingabear91,https://i.redd.it/psh2dutyvvk41.jpg ,F,0,2020-03-05 19:50:24
"She was sick and he was determined to comfort her no matter how many times I tried to keep them separate, so after they were both sick this is how they sat in our laps (they‚Äôve been to the vet and got medicine so they‚Äôre healthy now)",my_driving_moccasins,https://i.redd.it/a17igrstvvk41.jpg ,F,0,2020-03-05 19:49:33
"I mean yes they're ugly, but look at its cute face",ZippoCrew,https://i.redd.it/xgp6ll2cvvk41.jpg ,F,0,2020-03-05 19:46:46
TMW you realize your girlfriend just moved in....,Mission_Ace,https://imgur.com/dHxW5ml ,F,0,2020-03-05 19:46:37
Get off me lawn,FrigidBT,https://i.redd.it/s51qt7mavvk41.jpg ,F,0,2020-03-05 19:46:36
Aww! He is starving after training.,Bishallkc,https://i.redd.it/asmh8mppwvk41.jpg ,F,0,2020-03-05 19:54:33
Saw this cute squirrel at the park (:,bocboc39,https://i.redd.it/9rq83qzowvk41.jpg ,F,0,2020-03-05 19:56:31
I bite all things üòÖüòÖüòÖ,EricViz,https://i.redd.it/pnlyzr27xvk41.jpg ,F,0,2020-03-05 19:57:12
Good place to sleep.. my neighbors cat Wilbur,Qwertymm,https://i.redd.it/9732ggkdxvk41.jpg ,F,0,2020-03-05 19:58:14
Dis my poof ball!,sassybrunette75,https://i.redd.it/izz11dmoyvk41.jpg ,F,0,2020-03-05 20:05:33
Totally A Professional Tennis Player..,Tempus_Blitzii,https://i.redd.it/yhsawcqlyvk41.jpg ,F,0,2020-03-05 20:05:07
Woman reunited with her pupper after 2 years in the military,BauerHouse,https://youtu.be/dMtUAcL23L0 ,F,0,2020-03-05 20:04:06
"‚ÄúIs that a treat?‚Äù (Don‚Äôt worry, she got one for holding this pose)",songbird828,https://i.redd.it/e414xv59yvk41.jpg ,F,0,2020-03-05 20:03:23
When nature is bae,NoLookRebona,https://i.redd.it/2ly4gswvxvk41.jpg ,F,0,2020-03-05 20:02:25
My Innocent Caring baby üòç,2sparsh,https://i.redd.it/pktusaztxvk41.jpg ,F,0,2020-03-05 20:01:05
üòú,greatlordofcinder,https://i.redd.it/kjea8eguxvk41.jpg ,F,0,2020-03-05 20:00:52
what a thottie,nszajk,https://gfycat.com/rightheftyjabiru ,F,0,2020-03-05 20:00:10
"My little queen of darkness, Maddie!",Museofmelody,https://i.redd.it/6wd5fc3oxvk41.jpg ,F,0,2020-03-05 19:59:53
TUK tuk,ashhutoshpatil,https://i.redd.it/socds5zkxvk41.jpg ,F,0,2020-03-05 19:59:32
They're good friends,tinydino0,https://i.redd.it/63lkcs5wyvk41.jpg ,F,0,2020-03-05 20:06:47
booped,KetchupPackettt,https://i.redd.it/ovhjk73tyvk41.jpg ,F,0,2020-03-05 20:06:27
Just adopted this big boy from the shelter a couple days ago. He's settling right in and is definitely the best of boys. Everyone meet Cody ‚ù§Ô∏è,nerd15574,https://i.redd.it/1kzay4djxvk41.jpg ,F,0,2020-03-05 19:59:19
Give him the damn nuts,taylor2121,https://v.redd.it/p96lck1azvk41 ,F,0,2020-03-05 20:09:03
He thinks he's a lap dog even though he's ~120 lbs,zooberzaiger,https://i.redd.it/kpuc5gtbzvk41.jpg ,F,0,2020-03-05 20:09:10
Would you believe shes not the mama....dont tell her that though!,hillbillygunz,https://i.redd.it/212rk7u8zvk41.jpg ,F,0,2020-03-05 20:08:41
Indiana Bones,King_Malek,https://i.redd.it/lwaj24i3zvk41.jpg ,F,0,2020-03-05 20:07:51
Rainy days are boring.,spooky46,https://i.redd.it/yby25exlzvk41.jpg ,F,0,2020-03-05 20:10:44
any one interested in a pony (it's not mine but just wondering),Sunnyandbridgey,https://i.redd.it/dhwpobanzvk41.jpg ,F,0,2020-03-05 20:11:00
Another pic of the big boy.. my neighbors cat Wilbur hanging out in the building,Qwertymm,https://i.redd.it/fupbq7ffzvk41.jpg ,F,0,2020-03-05 20:09:45
What he invented again?,kalebderrickjonathan,https://i.redd.it/uhg7yx6kzvk41.jpg ,F,0,2020-03-05 20:11:33
My wife was playing with our baby dinosaur and sent me this üòç,RaunchyBeanBag,https://i.redd.it/88xcbvvruvk41.jpg ,F,0,2020-03-05 19:43:45
Reddit meet my amber eyes black blob,Red_Roses121,https://i.redd.it/zlxhguoquvk41.jpg ,F,0,2020-03-05 19:43:29
This is the day my grandmother passed. My pup loved her and decided that her bed was the perfect spot to sleep,oldbearjack,https://i.redd.it/5i59g9i9uvk41.jpg ,F,0,2020-03-05 19:40:51
Sunbathing next to the window.,skiddlep0p,https://i.redd.it/zlxexdh7uvk41.jpg ,F,0,2020-03-05 19:40:28
Friend picked up some new chicks. Cat decided to adopt them as her own.,andimattone,https://i.redd.it/j7rxp7h5uvk41.jpg ,F,0,2020-03-05 19:40:09
"It's been about a year since we got her, and it's hard to see this shepherd as anything but a goofball",NotYourKindofFluff,https://i.redd.it/v6h7wkn2uvk41.jpg ,F,0,2020-03-05 19:39:45
Momma goat rejected her kid but these kittens think she's just fine!,deadpoetnomore,https://i.redd.it/dew2zlsntvk41.jpg ,F,0,2020-03-05 19:37:25
I guess she had a long day!,shannabastean,https://i.redd.it/qhlp1doktvk41.jpg ,F,0,2020-03-05 19:36:56
Another view of my 14 year old dog on the beach. He‚Äôs been with me for most of my life.,SjoerdvDonk,https://i.redd.it/21g0njzftvk41.jpg ,F,0,2020-03-05 19:36:10
"This is moixe, she was a street dog, but now she‚Äôs a lap dog who loves sleeping and belly rubs",Official_Nwah,https://i.redd.it/z7lcq23atvk41.jpg ,F,0,2020-03-05 19:35:17
50 shades of grey,berengor_666,https://i.redd.it/9m27dql6tvk41.png ,F,0,2020-03-05 19:35:08
Jack is tired after a long walk!,shoesaretied,https://i.redd.it/gwprrx9osvk41.jpg ,F,0,2020-03-05 19:31:52
"This is Tobey , my best Friend",Lorakboti,https://i.redd.it/x6mfcfresvk41.jpg ,F,0,2020-03-05 19:30:46
evil cat,berengor_666,https://i.redd.it/xkp0sqo4svk41.png ,F,0,2020-03-05 19:29:39
Meet with Malibu-Roadtrip üòú,ulasbelgen,https://i.redd.it/jmxttbx6svk41.jpg ,F,0,2020-03-05 19:29:09
Here is a pic of my cat sleeping.<3,KonKast,https://i.redd.it/o49rfqvsrvk41.jpg ,F,0,2020-03-05 19:27:49
My big fluffball Henry,Smartest_Jacket,https://i.redd.it/zz179d7qrvk41.jpg ,F,0,2020-03-05 19:26:35
Our now 6 1/2 month puppy. The vet has said he is not at all over weight just big boned!,hii-people,https://i.redd.it/mleq6vczbtk41.jpg ,F,0,2020-03-05 19:25:39
Majestic fluff in a beautiful sunset üåÖ,OlavMeister,https://i.redd.it/wnzqtox4rvk41.jpg ,F,0,2020-03-05 19:23:14
"Found this small thief stuck in Trashkatraz (my easy to get in, but too high to escape trash bin)",Black_Goreinu,https://i.redd.it/a8fyir8zqvk41.jpg ,F,0,2020-03-05 19:22:27
Keeping me company,Komeoww,https://i.redd.it/45mgakhuqvk41.jpg ,F,0,2020-03-05 19:21:45
I guess father and son bonding happens with dogs aswell.,SpaceBeUberCool,https://i.redd.it/7s3glqdsqvk41.jpg ,F,0,2020-03-05 19:21:18
(another reupload :/) my dog of 7 years old!,RockaSurgeCombo,https://i.redd.it/hsi03wfiqvk41.jpg ,F,0,2020-03-05 19:19:52
Finally got her to choose the bed instead of the floor.,sufthenuf,https://i.redd.it/ikxo8147qvk41.jpg ,F,0,2020-03-05 19:18:12
Her name is Grace and I love her,catsandclavicles,https://i.redd.it/onjp4hd3wuk41.jpg ,F,0,2020-03-05 19:16:52
theres a whole wide world to explore,keatches,https://i.redd.it/ifw3jh1ppvk41.jpg ,F,0,2020-03-05 19:15:50
He's obsessed with his stuffed penguin,picklesforbae,https://i.redd.it/v98t9afrpvk41.jpg ,F,0,2020-03-05 19:15:31
"Meet Zen. He may SEEM innocent and smiley, but he's allllll trouble.",Skrunge13,https://i.redd.it/t6g9pd7cpvk41.jpg ,F,0,2020-03-05 19:15:08
"They protecc, They attacc, But most importantly, They have their brother's bacc.",Kyanite782,https://i.redd.it/2utaz7m3pvk41.jpg ,F,0,2020-03-05 19:11:49
Don‚Äôt be fooled. She‚Äôs Jekyll and Hyde!,yoda_the_catto,https://i.redd.it/ezp348dxmvk41.jpg ,F,0,2020-03-05 18:59:38
"Every now and then, my dog comes and lays on my lap like this.",fague_doctor,https://i.redd.it/796exp84ovk41.png ,F,0,2020-03-05 19:09:31
They snuggled. My heart exploded.,trybrookemonson11,https://i.redd.it/xdgu8xqhovk41.jpg ,F,0,2020-03-05 19:08:27
Look at this patient üê¨,WizardCash,https://i.redd.it/52x0p6o39wk41.jpg ,F,0,2020-03-05 21:04:00
My sweet girl,Val_1205,https://i.redd.it/lhr7qo819wk41.jpg ,F,0,2020-03-05 21:03:41
Guess who pooped on the carpet today and is very unrepentant? This boye.,MilkPudding,https://i.redd.it/w7h7v6ly8wk41.jpg ,F,0,2020-03-05 21:03:09
1 year later...,Shmandle2k19,https://i.redd.it/dxe3feyt8wk41.jpg ,F,0,2020-03-05 21:02:26
Standing guard for my new little guy,AzizMou,https://i.redd.it/h018hedt8wk41.jpg ,F,0,2020-03-05 21:02:20
Cute paws üòç,zapbob,https://i.redd.it/icnolz7t8wk41.jpg ,F,0,2020-03-05 21:02:19
"My 13 year old shiny poosal cat , everyone still thinks she is a baby , everyone meet Pepsi.",monkeymidd,https://i.redd.it/oicqrpbq8wk41.png ,F,0,2020-03-05 21:01:54
Standing guard for my new little guy,AzizMou,https://i.redd.it/9jinia8p8wk41.jpg ,F,0,2020-03-05 21:01:41
I fed a deer.,not_enough_bananas_,https://i.redd.it/y8ol2rwm8wk41.jpg ,F,0,2020-03-05 21:01:20
‚ÄúI f‚Äôd up‚Äù face. If i see this face after work. Somethings been destroyed.,hypocrisyisme,https://i.redd.it/zxbg2p5k8wk41.jpg ,F,0,2020-03-05 21:00:53
Gracie is so bored with this conference call.,vandercampers,https://i.redd.it/1ml9pvxi8wk41.jpg ,F,0,2020-03-05 21:00:45
Meet Moosey. He is a good boy.,MischiefDame,https://i.redd.it/68akg8sg8wk41.jpg ,F,0,2020-03-05 21:00:28
This is √Ötte shortly after she was rescued and brought to her forever home!!,iamhappynoodle,https://i.redd.it/jzq8g9i98wk41.jpg ,F,0,2020-03-05 20:59:15
I was at the local zoo last year and captured this aww moment between two big kitties.,OTwhattheF,https://i.redd.it/waae0wjv7wk41.jpg ,F,0,2020-03-05 20:59:13
cat in a store (outside),HumanTR,https://i.redd.it/bpfngoj38wk41.jpg ,F,0,2020-03-05 20:58:24
Little bandit,TicTockTheTicClock,https://i.redd.it/8vr0kbyz7wk41.jpg ,F,0,2020-03-05 20:57:48
Triton waiting for his first vet appt.,kvndreth,https://i.redd.it/up1hngkt7wk41.jpg ,F,0,2020-03-05 20:56:53
Vogue status,lblume-,https://i.redd.it/nzxlb5lo7wk41.jpg ,F,0,2020-03-05 20:55:58
When you‚Äôre so sleepy you lose your neck.,KickAssKyleB,https://i.redd.it/c6ukxge77wk41.jpg ,F,0,2020-03-05 20:53:29
I visited a litter a while ago on a farm a while ago. This guy was my favourite.,Joseph_Stalin44,https://i.redd.it/rn0h7nb87wk41.jpg ,F,0,2020-03-05 20:53:28
Sweet üòä,Rujbinylmaz,https://i.redd.it/oi9fw0ut6wk41.jpg ,F,0,2020-03-05 20:51:11
box full of aww,DaV1se,https://i.redd.it/avwyqosl6wk41.jpg ,F,0,2020-03-05 20:50:37
The dogs soaking up the last rays of a gorgeous day.,Ommadons_Bryagh,https://i.redd.it/q9j4p49h6wk41.jpg ,F,0,2020-03-05 20:49:17
"He was barking at the door so I went to check if someone was there, turns out I‚Äôd been bamboozled and lost my seat",lazzypete,https://i.redd.it/l4xitq4b6wk41.jpg ,F,0,2020-03-05 20:48:20
Could not find my cat.,Mr-TonyX,https://i.redd.it/p8j1hpl46wk41.jpg ,F,0,2020-03-05 20:47:16
Doggo hard at work,Cameaton,https://i.redd.it/xwajlty26wk41.jpg ,F,0,2020-03-05 20:47:02
Just a pup and his ball,DisappointingMartyr,https://i.redd.it/51yzwx3y5wk41.jpg ,F,0,2020-03-05 20:46:22
Daisy doo i bloop you too lol,katieleigh2888,https://i.redd.it/qzfuk3au5wk41.jpg ,F,0,2020-03-05 20:45:40
When you pick a partner before you can even see them,felinecustard,https://i.redd.it/tb5mj8go5wk41.jpg ,F,0,2020-03-05 20:45:16
Double Trouble,TheAppleFigNewton,https://i.redd.it/e4lnt1hb5wk41.jpg ,F,0,2020-03-05 20:42:46
"Walruses snuggling on Walrus Island, Nunavut, Canada (oc)",ItsALadder,https://i.redd.it/6tu7s2ha5wk41.jpg ,F,0,2020-03-05 20:42:33
I‚Äôm a sucker for flappy ears ü§¶üèæ‚Äç‚ôÇÔ∏èüòÇ,MajTheAlmighty,https://i.redd.it/rm5lmzx75wk41.jpg ,F,0,2020-03-05 20:42:12
Just got back from the vet!!,theprofessionalbruh,https://i.redd.it/fvdn2pdx4wk41.jpg ,F,0,2020-03-05 20:40:32
These babies sparked so much joy!!,uiomzn,https://i.redd.it/ua7mge1i4wk41.png ,F,0,2020-03-05 20:40:18
My cutie is helping me to work while I'm at home,ZweiSolomon,https://i.redd.it/f373cnat4wk41.jpg ,F,0,2020-03-05 20:39:56
One floof on a swing‚ù§,Jack___Beard,https://i.redd.it/24gmc4ir4wk41.gif ,F,0,2020-03-05 20:39:43
It's my cake day y'all. It's my cake day.,justAcuriousDalek,https://i.redd.it/p2fid5jq4wk41.jpg ,F,0,2020-03-05 20:39:27
TBT to those puppy days <3,Any_Lemon,https://i.redd.it/jd539mx34wk41.jpg ,F,0,2020-03-05 20:38:06
My dad's doggo and kitten,toaster_express,https://i.redd.it/fl5v60wa4wk41.jpg ,F,0,2020-03-05 20:37:04
Dreaming of the future,wolfpack1004,https://i.redd.it/b60fr3094wk41.jpg ,F,0,2020-03-05 20:36:46
This llama‚Äôs smile after we fed him on a zoofari,AnitaXanaxx,https://i.redd.it/noyese9w3wk41.jpg ,F,0,2020-03-05 20:34:46
A little #puppy in need of a hug! Send him your hug! Smiling face with open mouth,Raqasa_veng,https://i.redd.it/s9msnfwt3wk41.jpg ,F,0,2020-03-05 20:34:37
Meet my new kitty Katnis! Adopted her 3 days ago.,Daitoshen,https://i.redd.it/69ghuh0s3wk41.jpg ,F,0,2020-03-05 20:34:06
My wife snuggling our cat snuggling his stuffed puppy.,Nstep49,https://i.redd.it/r1a53ua73wk41.jpg ,F,0,2020-03-05 20:30:58
Jules decided to interrupt my photoshoot today so I gave him the fabulous edit he deserved.,unitedfakesofamerica,https://i.redd.it/0umtmbv13wk41.jpg ,F,0,2020-03-05 20:30:01
Martha & her shadow on this sunny Thursday in Toronto.,Raqasa_veng,https://i.redd.it/fgsqgv0t2wk41.jpg ,F,0,2020-03-05 20:28:52
This is a Pose He Chose ...So Cute!!,asmatasmat784,https://i.redd.it/iuejlk5q2wk41.jpg ,F,0,2020-03-05 20:28:13
He‚Äôs got the whole world in his paws,angelicareeves,https://i.redd.it/etr6ounj2wk41.jpg ,F,0,2020-03-05 20:27:11
Now how am I supposed to do my bed?,Nickname2088,https://i.redd.it/ws97b1zc2wk41.jpg ,F,0,2020-03-05 20:26:10
Tiny chuckers like bananas. Who knew?,beezeebeehazcatz,https://i.redd.it/nzya29292wk41.jpg ,F,0,2020-03-05 20:25:33
"This is Charlie, a 6 month old Ragdoll and a very good boy",greavesyman,https://i.redd.it/zedbvacy1wk41.jpg ,F,0,2020-03-05 20:23:53
Wild flufferbun napping it up,aarontminded,https://i.redd.it/a7whqasx1wk41.jpg ,F,0,2020-03-05 20:23:49
Comment on a scale from 1-10 how much you like cows,Sunnyandbridgey,https://i.redd.it/likxv07n1wk41.jpg ,F,0,2020-03-05 20:23:12
My cat is still unsure about the dog.,Clearlynotchocolate,https://i.redd.it/9ep94c0l1wk41.jpg ,F,0,2020-03-05 20:21:47
Meet Kash,AyoSD,https://i.redd.it/8lcb4x1f1wk41.jpg ,F,0,2020-03-05 20:20:53
Taking a mid-hike pause to snuggle with the best little buddy I‚Äôve ever had,AmeliaStrong,https://i.redd.it/yqgvh6fd1wk41.jpg ,F,0,2020-03-05 20:20:40
My Sweet Zelda,LuxCaritas,https://i.redd.it/wqzt5wd61wk41.jpg ,F,0,2020-03-05 20:19:30
Kitty had a rough night of waking me up every hour... so tired.,Kimi4201,https://i.redd.it/lo964sz41wk41.jpg ,F,0,2020-03-05 20:19:21
Bonding!,missionwonderwoman,https://i.redd.it/o3w99n4u0wk41.jpg ,F,0,2020-03-05 20:17:36
This Goose all Cuddled Up on the Sidewalk,mistcurve,https://i.redd.it/howyh70p0wk41.jpg ,F,0,2020-03-05 20:16:49
Your reaction when you hear a noise in the middle of a scary movie...,Janinefhas,https://i.redd.it/raeg7q15tvk41.jpg ,F,0,2020-03-05 20:16:28
My old lady,Radvaldur,https://i.redd.it/dxaz7p690wk41.jpg ,F,0,2020-03-05 20:14:21
Look at that cheeky face!,vrncgn,https://i.redd.it/q1s1qo480wk41.jpg ,F,0,2020-03-05 20:14:19
My baby,YeetTheater,https://i.redd.it/a4bkun0k9wk41.jpg ,F,0,2020-03-05 21:06:31
I r book now,DrizN,https://i.redd.it/jlfmdl9r3xk41.jpg ,F,0,2020-03-05 23:55:56
My best girl,heckin-spice-boy,https://i.redd.it/frr982qa3xk41.jpg ,F,0,2020-03-05 23:53:14
Hows my new baby looking?!?! Meet Luci-Furr! Shes a lab/Shepard rescue!,tyrosared,https://i.redd.it/puyvpun13xk41.jpg ,F,0,2020-03-05 23:51:47
we just got this beautiful Akita puppy! very excited to welcome him to our family.,tropicanicc,https://i.redd.it/o0z9x9bj2xk41.jpg ,F,0,2020-03-05 23:48:56
Why can‚Äôt I get someone to look at me the same way my puppy does,hackeysackey,https://i.redd.it/n3a3fey92xk41.jpg ,F,0,2020-03-05 23:47:30
Photobomb,MrSchnapskatze,https://i.redd.it/k7vscxq42xk41.jpg ,F,0,2020-03-05 23:46:56
New arrivals to the household from Mimi's first litter!,DatOreoBoi,https://i.redd.it/3x1xhkmx1xk41.jpg ,F,0,2020-03-05 23:45:32
"Luna, the dumbest, most cuddly kitty I know",SuperDucky16,https://i.redd.it/qpygnixp1xk41.jpg ,F,0,2020-03-05 23:44:20
This tiny orange in my orange,Georginaemily,https://i.redd.it/rt534tdg1xk41.jpg ,F,0,2020-03-05 23:43:23
My pup on his very first birthday,Brockcp13,https://i.redd.it/sjhcfpof1xk41.jpg ,F,0,2020-03-05 23:42:46
My freckle face boy.,ivie96,https://i.redd.it/60n1qb5d1xk41.jpg ,F,0,2020-03-05 23:42:25
Blankies are my happy place,cheychey9983,https://i.redd.it/o3pu3uj71xk41.jpg ,F,0,2020-03-05 23:41:30
Brother&sister ‚ù§ I'm not sure what there waiting for they just been fed maybe it's my Turkey sandwich ü¶É (which they'll probably some aswell),Jack___Beard,https://i.redd.it/gbtxffb51xk41.jpg ,F,0,2020-03-05 23:41:23
My cat when he was a bwayby,Its_K3,https://i.redd.it/hjqamkf41xk41.png ,F,0,2020-03-05 23:41:00
‚ÄúYes I‚Äôll have 0.1 mm off the top.‚Äù,blueees,https://i.redd.it/40tptdmv0xk41.jpg ,F,0,2020-03-05 23:39:37
"I‚Äôm a pretty high strung dude, it‚Äôs good to have someone in the house to balance it out.",drumandbass01,https://i.redd.it/to7j10jj0xk41.jpg ,F,0,2020-03-05 23:37:44
My thin cat's life is hard,cooblat,https://i.redd.it/gv38133a0xk41.jpg ,F,0,2020-03-05 23:36:55
Free shipping under 11 pounds,abrahamhitler,https://i.redd.it/rdrjmmc60xk41.jpg ,F,0,2020-03-05 23:35:46
Very comfortable don't you think,Legolad1310,https://i.redd.it/uax1h50qzwk41.jpg ,F,0,2020-03-05 23:33:08
"Twirly was rescued from under a pile of planks. He is courageous, friendly and a bit of troublemaker.",Jeedras,https://i.redd.it/x1kzit90zwk41.jpg ,F,0,2020-03-05 23:29:28
let me take a nap right here,keatches,https://i.redd.it/kj7zropzywk41.jpg ,F,0,2020-03-05 23:29:11
a picture with my cat #4,blackadrian,https://i.redd.it/8ton74bnywk41.jpg ,F,0,2020-03-05 23:27:11
My pup thinks our neighbor's dog is her baby,Ksrugi,https://i.redd.it/v7job9dyxwk41.jpg ,F,0,2020-03-05 23:23:15
Isn't he cute?,CommFlaek,https://i.redd.it/yc80lqrsxwk41.jpg ,F,0,2020-03-05 23:22:44
I tidied my desk and the cat thinks it was for her,Charlie00134,https://i.redd.it/gfnzinlqxwk41.jpg ,F,0,2020-03-05 23:22:06
What other animals does this dog look like,ryRPG21,https://i.redd.it/1ubn1m3oxwk41.jpg ,F,0,2020-03-05 23:21:41
My cousin got a puppy! This lil boy's name is Leo.,rae_is_rad,https://i.redd.it/z8h9vg3jxwk41.jpg ,F,0,2020-03-05 23:20:52
Smol shopping helper,uselessbutuseful,https://i.redd.it/tb61sl4dxwk41.jpg ,F,0,2020-03-05 23:19:55
"Calvin the Doxador's dumb ears have set in place like this-- as a little girl at the park said, ""He's got one ear up and one ear floppy!""",Wollastons,https://i.redd.it/kk3dglp2xwk41.jpg ,F,0,2020-03-05 23:19:38
My drawing of a Redditors drawing of a Redditors painting of a Redditors pup. I really enjoyed drawing this one.,cottage_cheese_WeaVe,https://i.redd.it/hv14y2v9xwk41.jpg ,F,0,2020-03-05 23:19:27
Here is my handsome man Jimmy Dean,Imhappyeveryday,https://i.redd.it/h60cq4g6xwk41.jpg ,F,0,2020-03-05 23:18:58
"Excuse me, could I have just a little bit of that food?",Jay3000X,https://i.redd.it/5ramrmdvwwk41.jpg ,F,0,2020-03-05 23:17:13
first post ever im on mobile but i wanted to post on my b day so heres a cat.took the pic on my phone so yea,onefinishguy,https://i.redd.it/v5l9a2luwwk41.jpg ,F,0,2020-03-05 23:17:06
Officer K waiting for belly rubs,BrokenAvacado,https://i.redd.it/msglpjgqwwk41.jpg ,F,0,2020-03-05 23:16:31
Sleeping Angel üòá & Tiny Monster Auggie the puppy enigma,ellelunden,https://i.redd.it/gl1q5gdnwwk41.jpg ,F,0,2020-03-05 23:15:57
My dog keeps begging for food. Every time I sit down with a plate or bowl she does this.,GrapeWay,https://i.redd.it/c6gernfhwwk41.jpg ,F,0,2020-03-05 23:15:02
Fell asleep right on my lap,redditaccount2002,https://i.redd.it/3h2ynhjewwk41.jpg ,F,0,2020-03-05 23:14:32
Early morning sun 1,jhodendaal,https://i.redd.it/zn6561ydwwk41.jpg ,F,0,2020-03-05 23:14:27
Sleepy Girl,UpVotieGirll,https://i.redd.it/dgxbrvbdwwk41.jpg ,F,0,2020-03-05 23:14:22
My boy Fletcher greeting me on a return from a walk.,jackjakc,https://i.redd.it/elnrvjk6iuk41.jpg ,F,0,2020-03-05 23:14:18
Early morning sun 1,jhodendaal,https://i.redd.it/lftscofcwwk41.jpg ,F,0,2020-03-05 23:14:13
Early morning sun,jhodendaal,https://i.redd.it/az19neacwwk41.jpg ,F,0,2020-03-05 23:14:12
Thirsty girl.,pof0808,https://i.redd.it/su07syz7wwk41.jpg ,F,0,2020-03-05 23:13:31
All snug and happy,stuka55,https://i.redd.it/q4b37vj7wwk41.jpg ,F,0,2020-03-05 23:13:26
My pup,Zee1837,https://i.redd.it/cnztonavvwk41.jpg ,F,0,2020-03-05 23:13:15
Totoro! I It‚Äôs kinda early so probs not his best photo.,hii-people,https://i.redd.it/9khsy2o0luk41.jpg ,F,0,2020-03-05 23:12:34
‚ÄúI gots the edumacations mommy‚Äù,londrakittykat,https://i.redd.it/iclcpf6mvwk41.jpg ,F,0,2020-03-05 23:10:09
My lil Ronnie baba,ligma-big-booty-bru,https://i.redd.it/3rbdolgjvwk41.jpg ,F,0,2020-03-05 23:09:43
My drawing of a redditors oil painting of a redditors pup. I really enjoyed drawing this one,humzakhantx2,https://i.redd.it/8e8j1qpgvwk41.jpg ,F,0,2020-03-05 23:09:16
Here‚Äôs my step-father and my lil‚Äô Doggo kayaking üê∂üö£üèº‚Äç‚ôÄÔ∏èüíï,RiipeR-LG,https://i.redd.it/6tx0kxjavwk41.jpg ,F,0,2020-03-05 23:08:19
Mr. Doggo not feeling good.,theprofessionalbruh,https://i.redd.it/bmqbqs43vwk41.jpg ,F,0,2020-03-05 23:07:18
"Hey mom, it looks like you're trying to write your dissertation. It'd be a shame if someone....was lying on your computer",NewtBanker,https://i.redd.it/t7ywaccxuwk41.jpg ,F,0,2020-03-05 23:06:15
"Here are my two cats, just after this photo they fought together, if you have advice to calm them down",The_Coolest_Sheep,https://i.redd.it/3gm32prruwk41.jpg ,F,0,2020-03-05 23:05:24
A baby Coquerel's sifaka at the Los Angeles Zoo,the_osc_ocelot,https://i.redd.it/zxx569tmuwk41.jpg ,F,0,2020-03-05 23:05:20
He didn't like the ribbon so we tried flowers ‚Äî big improvement on the reactions so far,catnip1802,https://i.redd.it/27twahtguwk41.jpg ,F,0,2020-03-05 23:04:31
Sabrina is too grumpy to get up,LifeisStillGone,https://i.redd.it/ityw3f5iuwk41.jpg ,F,0,2020-03-05 23:03:57
The void likes to have her paw held when it's nap time,Shankytang,https://i.redd.it/mm35u1gfuwk41.jpg ,F,0,2020-03-05 23:03:33
Happy Floof! üòç,rehlingenn,https://i.redd.it/tis948r0uwk41.jpg ,F,0,2020-03-05 23:01:10
business dog,Extra-Coyote,https://i.redd.it/5aho2e3ttwk41.jpg ,F,0,2020-03-05 23:00:03
My pup sticks his whole head in the bowl when going for a drink of water,BeardoDragon,https://i.redd.it/xs45f44otwk41.jpg ,F,0,2020-03-05 22:59:14
High five,tonka_my_dog,https://i.redd.it/emcq0wgltwk41.jpg ,F,0,2020-03-05 22:58:57
Tiny PS4 kit,WhydYouEvenDoThat,https://i.redd.it/xev28wxjtwk41.jpg ,F,0,2020-03-05 22:58:37
"This is Luna, my 4mo Corgi pup.",RonnyCrawf,https://i.redd.it/vawfqppftwk41.jpg ,F,0,2020-03-05 22:57:55
A happy Daisy in her favorite spot (that wasn‚Äôt next to her people),iamhappynoodle,https://i.redd.it/g8yvhj2ctwk41.jpg ,F,0,2020-03-05 22:57:21
üòç,RaunchyBeanBag,https://i.redd.it/jy18aopatwk41.jpg ,F,0,2020-03-05 22:57:08
This cutie who aligned their paws just for us,uio7n,https://i.redd.it/x8ij1ld6twk41.png ,F,0,2020-03-05 22:56:41
He can be photogenic sometimes,necrid417,https://i.redd.it/b7ttsde6twk41.jpg ,F,0,2020-03-05 22:56:29
"Come play with me, mommy!",vanillacraic,https://i.redd.it/kxxuxq82twk41.jpg ,F,0,2020-03-05 22:55:48
My dog at Christmas time ü•∞,_killer_queen_04_,https://i.redd.it/qgagzhr1twk41.jpg ,F,0,2020-03-05 22:55:45
heroic cat,WattyTotty,https://i.redd.it/b0jvbnbzswk41.jpg ,F,0,2020-03-05 22:55:21
Having a snooze,geezusus,https://i.redd.it/j7cjxilxswk41.jpg ,F,0,2020-03-05 22:55:08
My cat in his fortress,car-man1234,https://i.redd.it/3cnpwnowswk41.jpg ,F,0,2020-03-05 22:54:58
"My friend pup, He wants me to pet him. He is such a good pup!!",Black_feather_2020,https://i.redd.it/u4ofx7prswk41.jpg ,F,0,2020-03-05 22:54:13
My dormouse cat,Rexel79,https://i.redd.it/bvenistqswk41.jpg ,F,0,2020-03-05 22:54:04
ruff ruff,jrauli,https://i.redd.it/bnkyjh0oswk41.jpg ,F,0,2020-03-05 22:53:52
Sweet child of mine watching over her kingdom.,Garathorshadow,https://i.redd.it/p20y0eh36xk41.jpg ,F,0,2020-03-06 00:08:55
Dudley getting cuddly,Acornknight,https://i.redd.it/ett0g2106xk41.jpg ,F,0,2020-03-06 00:08:41
Are you the sweetest babies in the world?,canakyuz,https://i.redd.it/ekj6ulzr5xk41.jpg ,F,0,2020-03-06 00:07:39
My 16 year old kitty 6 days post surgery. I‚Äôm so happy she‚Äôs feeling better. ‚ù§Ô∏è,woahmost,https://i.redd.it/zk34p8pu5xk41.jpg ,F,0,2020-03-06 00:07:36
Jack likes to hang out in bed with us,skdiddy,https://i.redd.it/6e5hlfmu5xk41.jpg ,F,0,2020-03-06 00:07:33
Its his foot now,ipoopondogs69,https://i.redd.it/d62ooyrp5xk41.jpg ,F,0,2020-03-06 00:06:46
Woof,joemama16839301,https://i.redd.it/lxc9m7fh5xk41.jpg ,F,0,2020-03-06 00:05:28
Everytime I start doing my homework my cat does this...,edga_games,https://i.redd.it/6ozopa485xk41.jpg ,F,0,2020-03-06 00:04:33
Smol boop,areichart,https://i.redd.it/l0wyjtn95xk41.jpg ,F,0,2020-03-06 00:04:13
They're so cute!! I want cats like those 2!,raweza,https://i.redd.it/5pbt06875xk41.jpg ,F,0,2020-03-06 00:03:50
pure happiness :),dmalex505,https://i.redd.it/i2p272j15xk41.jpg ,F,0,2020-03-06 00:03:00
Floof,skewber42,https://i.redd.it/ptsqwehw4xk41.jpg ,F,0,2020-03-06 00:02:11
My friend's cat,arnath99,https://i.redd.it/wuazd8gs4xk41.jpg ,F,0,2020-03-06 00:01:33
This koala is so cute!,---Jessy---,https://i.redd.it/bh0efiv84xk41.jpg ,F,0,2020-03-05 23:58:35
"Yogi diary dear Reddit, goodnight. -yogi",Devilment_Flame,https://i.redd.it/vtk37uvhswk41.jpg ,F,0,2020-03-05 22:52:38
Spooky boo,jadee018,https://i.redd.it/i95ubgjbswk41.jpg ,F,0,2020-03-05 22:51:41
Meet my grandkitten - Leo,Atheva31,https://i.redd.it/sea7u4v0swk41.jpg ,F,0,2020-03-05 22:51:05
The oldest puppy I have ever seen. My friends dog. Does not let this ball out of his sight.,Jerusha1515,https://i.redd.it/4pcgc9z3swk41.jpg ,F,0,2020-03-05 22:50:39
He‚Äôs just sleeping and it cute for a 12 yr old,HamHedXD,https://i.redd.it/iwu8rgz2swk41.jpg ,F,0,2020-03-05 22:50:30
She loves me üñ§,mrssmithest15,https://i.redd.it/akyhicdsrwk41.jpg ,F,0,2020-03-05 22:48:41
Precious week old Runtweilers,5quickdub,https://i.redd.it/w71rg0zhrwk41.png ,F,0,2020-03-05 22:47:21
Floofer,Malawigold2342,https://i.redd.it/2h2mf8bgrwk41.jpg ,F,0,2020-03-05 22:46:56
Whatcha doin Duke?,oar3421,https://i.redd.it/6mvxmmj7rwk41.jpg ,F,0,2020-03-05 22:45:26
Old But Dapper,bananarama55555,https://i.redd.it/53n3cnt6rwk41.jpg ,F,0,2020-03-05 22:45:21
My big boy. Adopted from a shelter 4 years ago.,glittering_psycho,https://i.redd.it/mwcpgex0rwk41.jpg ,F,0,2020-03-05 22:44:25
Where‚Äôs Doggo?,rehlingenn,https://i.redd.it/vgp9kqbxqwk41.jpg ,F,0,2020-03-05 22:43:49
Amazingüê∂üê∂,Rujbinylmaz,https://i.redd.it/qgnvwe6xqwk41.jpg ,F,0,2020-03-05 22:43:49
Fell for the decoy bag,Weas2828,https://i.redd.it/wsj1vrqqqwk41.jpg ,F,0,2020-03-05 22:42:51
Apparently paper bags make the best toys,SerLittleToes,https://i.redd.it/hl3zvutfqwk41.jpg ,F,0,2020-03-05 22:41:07
Met Milly today at my new barbershop,JOGriz92,https://i.redd.it/2svbkeo6qwk41.jpg ,F,0,2020-03-05 22:39:41
Cute Pupper,puppies4puppies,https://i.redd.it/act29ki1qwk41.jpg ,F,0,2020-03-05 22:39:17
Look at this beast inside his eyes,YourBoiCleaner,https://i.redd.it/2vshggpxpwk41.jpg ,F,0,2020-03-05 22:38:27
Lazy much,mrhottshot1989,https://i.redd.it/baqyx9jrpwk41.jpg ,F,0,2020-03-05 22:37:22
"More of my rabbit, Blu",AceDoesVA,https://i.redd.it/vshwflrkpwk41.jpg ,F,0,2020-03-05 22:36:17
I am seeing cat food in my dream !,canakyuz,https://i.redd.it/6j6zieofpwk41.jpg ,F,0,2020-03-05 22:35:48
I tried to take a cute picture with my dog...,Zoopdo,https://i.redd.it/3fcnedu5pwk41.jpg ,F,0,2020-03-05 22:34:00
Happy 4th Birthday to this lovely lady! Sparrow is as adventurous and snuggly as ever. Love her soo much :),meggegers,https://i.redd.it/ht093xko0wk41.jpg ,F,0,2020-03-05 22:34:00
I have an extremely photogenic ducky,elimepie,https://i.redd.it/wa3mariuowk41.jpg ,F,0,2020-03-05 22:32:12
They've been together since they were 5 month old,nallian,https://i.redd.it/38lfiqiiowk41.jpg ,F,0,2020-03-05 22:31:22
What have you got us into?,tiamat6,https://i.redd.it/g4xi8z2oowk41.jpg ,F,0,2020-03-05 22:31:21
Just a friendly fox hanging out in the middle of the road,gms887,https://i.redd.it/9qw7g6ounwk41.jpg ,F,0,2020-03-05 22:29:53
"My bundle of fluff, meet Beanie!",Ninetailion,https://i.redd.it/ptnkqy6cowk41.jpg ,F,0,2020-03-05 22:29:30
My new lab pup. He‚Äôs 12 weeks old.,Bennygunz,https://i.redd.it/az2h6kh8owk41.jpg ,F,0,2020-03-05 22:28:47
So cute,TheDisney,https://i.redd.it/50wfh8rwnwk41.jpg ,F,0,2020-03-05 22:28:22
Caption This (OC),ThatDarnKittyKat,https://i.redd.it/5f4kb815owk41.jpg ,F,0,2020-03-05 22:28:14
Just got her for my birthday. Reddit I present you momo!,ninjasam2005,https://i.redd.it/a8ko648cmwk41.png ,F,0,2020-03-05 22:27:24
Meet sheiba.,ilovepitbulls23,https://i.redd.it/nm9aw7cwnwk41.jpg ,F,0,2020-03-05 22:26:58
My dog was waiting for me to come home..,Jin-shei,https://i.redd.it/ciq8iv7rnwk41.jpg ,F,0,2020-03-05 22:26:03
I rz in basketz.,mynameisnotsteve1985,https://i.redd.it/a8fmjj4mnwk41.jpg ,F,0,2020-03-05 22:25:16
Their faces when I discovered they had gotten out the window that was cracked open and into the yard üòë,adjf0812,https://i.redd.it/60wx42qjnwk41.jpg ,F,0,2020-03-05 22:24:56
My brothers old doggo enjoying her new bed,mewkzz,https://i.redd.it/132kq2ndnwk41.jpg ,F,0,2020-03-05 22:24:01
This is gimpy. he only shows up when it gets cold out,tikaani,https://i.redd.it/7nktdx14nwk41.jpg ,F,0,2020-03-05 22:22:36
Introducing Dave the Destroyer! Dave is smol.,AlongCameAThrowAway,https://i.redd.it/u0plk561nwk41.jpg ,F,0,2020-03-05 22:22:03
What my wife and I come home to daily,wubwubwhomp,https://i.redd.it/e5xuo2dwmwk41.jpg ,F,0,2020-03-05 22:21:25
"This little guy wandered into my back yard, no collar or anything, what breed could he be?",holdstheenemy,https://i.redd.it/4bh3w1wqmwk41.jpg ,F,0,2020-03-05 22:20:57
My sisters young cat Nala with heterochromia.,QueenBubbles95,https://i.redd.it/vqv6pupcmwk41.jpg ,F,0,2020-03-05 22:18:22
"Visited my nieces and (perhaps most importantly) their dog, Layla. Quickly drew this picture for them.",Pale_King101,https://i.redd.it/yidxl2icmwk41.png ,F,0,2020-03-05 22:18:18
Spoiled puppers likes to be carried like this too.,scratchycrotch420,https://i.redd.it/az54nukzlwk41.jpg ,F,0,2020-03-05 22:16:11
Shamrock boy,turtleman1935,https://i.redd.it/bfyue9utlwk41.jpg ,F,0,2020-03-05 22:15:15
A lazy Thursday,Rabid_Pokemon_Girl,https://i.redd.it/bnemaydslwk41.jpg ,F,0,2020-03-05 22:15:07
This is what I wake up to every morning.,waynechriss,https://i.redd.it/x7m05ui1lwk41.jpg ,F,0,2020-03-05 22:14:23
Oyiiii,rawan_hossam,https://i.redd.it/lgalithnlwk41.jpg ,F,0,2020-03-05 22:14:17
For the first time I was able to shoot all 4 of them in one place,borantula,https://i.redd.it/8d6s40fjlwk41.jpg ,F,0,2020-03-05 22:13:45
My fatty boy,gedeoste123,https://i.redd.it/1jk18y51lwk41.jpg ,F,0,2020-03-05 22:10:48
Home sick watching his favorite movie,DisappointingMartyr,https://i.redd.it/q10dw9b0lwk41.jpg ,F,0,2020-03-05 22:10:46
does this belong here? look at her faceü•∫,soberjunkie666,https://i.redd.it/h8stdkpwkwk41.jpg ,F,0,2020-03-05 22:10:07
There‚Äôs nothing better than a fat juicy piece of wood,complexcharbohydrate,https://i.redd.it/6wfisr9ukwk41.jpg ,F,0,2020-03-05 22:09:45
My cat discovered the glory of an old scarf.,MediocrePenisNumber6,https://i.redd.it/mqxzncxtkwk41.jpg ,F,0,2020-03-05 22:09:43
She loves to watch the sky.,Glavarc,https://i.redd.it/9dajae7okwk41.jpg ,F,0,2020-03-05 22:08:50
Icy eyes üíé,yourmomeatscatpoop,https://i.redd.it/op8b4o7gkwk41.jpg ,F,0,2020-03-05 22:07:32
My dog refuses to walk on her paws,JamerTheGamer,https://i.redd.it/xwsgmc8bkwk41.jpg ,F,0,2020-03-05 22:06:47
"This is my cat, Clementine. We‚Äôve known her for about a year now. She‚Äôs very strange.",GalaxyC7,https://i.redd.it/31qda665kwk41.jpg ,F,0,2020-03-05 22:05:51
Dogs hanging out on fence,ItsMEBytches,https://i.redd.it/vlvnnen3kwk41.jpg ,F,0,2020-03-05 22:05:36
Best babysitting job EVER,yourmomeatscatpoop,https://i.redd.it/9pw38gaojwk41.jpg ,F,0,2020-03-05 22:03:11
Just a good lab boi...,tub45,https://i.redd.it/taanoyeohxk41.jpg ,F,0,2020-03-06 01:13:47
O,thesingularbean,https://i.redd.it/xl0ydpelhxk41.jpg ,F,0,2020-03-06 01:13:20
"I call this series: ‚ÄúOkay, everyone look at the camera: an exercise in futility.‚Äù",grizzly2378,https://i.redd.it/u8tn03h8hxk41.jpg ,F,0,2020-03-06 01:11:19
My man hanging with me while I am sick,Kljuch0621,https://i.redd.it/8l0hmoqzgxk41.jpg ,F,0,2020-03-06 01:09:57
My chonky baby loves belly rubs.,Jessie_TR,https://i.redd.it/ly53ehpwgxk41.jpg ,F,0,2020-03-06 01:09:29
Saw this on blirsed images,Fetus69420,https://i.redd.it/y6zkczjkgxk41.jpg ,F,0,2020-03-06 01:07:34
"My 9 year old boy, yet despite his age; He‚Äôs still thriving",lush-bathbomb,https://i.redd.it/do02wmyfgxk41.jpg ,F,0,2020-03-06 01:06:51
Coon sleeping while I read Reddit,Dotz0cat,https://i.redd.it/l88vu8zdgxk41.jpg ,F,0,2020-03-06 01:06:43
He a hecking sleepy boi,Cdarrin01,https://i.redd.it/o7buvuabgxk41.jpg ,F,0,2020-03-06 01:06:09
Good doggo,BojanglesDaMonkeh,https://i.redd.it/co94cfi8gxk41.jpg ,F,0,2020-03-06 01:05:42
Ol' blue eyes,tballey,https://i.redd.it/xetw6lf8exk41.jpg ,F,0,2020-03-06 00:54:28
üòÇ,hwhwb2n2n,https://i.redd.it/2hrhzeu5gxk41.jpg ,F,0,2020-03-06 01:05:17
They only get near each other to beg for food,Aurelian_Lure,https://i.redd.it/04rj06bzfxk41.jpg ,F,0,2020-03-06 01:04:17
"This is Lola, she likes her sleep",okmn20,https://i.redd.it/te8egb7tfxk41.jpg ,F,0,2020-03-06 01:03:18
I stretch.,CannonFotter26,https://i.redd.it/3of48hxkfxk41.jpg ,F,0,2020-03-06 01:02:24
Bruno smoking a cheese stick,energizeghost,https://i.redd.it/09psxg2jfxk41.jpg ,F,0,2020-03-06 01:02:17
Don't wake them up!,raweza,https://i.redd.it/fzp5snhkfxk41.jpg ,F,0,2020-03-06 01:01:57
"This is Jessie, today she put her 80lbs self on my legs. I have a Neurological Disorder that causes uncontrollable movements which leads to pseudo seizures. She saved me from a terrible day. All the love for Jessie.",Befferzzz,https://i.redd.it/7f86t0ohfxk41.jpg ,F,0,2020-03-06 01:01:31
I miss these guys,Wolfenbeck,https://i.redd.it/lpmglfk4fxk41.jpg ,F,0,2020-03-06 00:59:30
This little baby is so sweet.,CreepyCowardess,https://i.redd.it/nmgkg1ipexk41.jpg ,F,0,2020-03-06 00:57:08
Cute emotional support,gizmoody,https://i.redd.it/0x2rfovcexk41.jpg ,F,0,2020-03-06 00:55:15
my cute flower boi,ashlitty,https://i.redd.it/ntte2jp3exk41.jpg ,F,0,2020-03-06 00:53:45
Little Freddy in Clover land,Fleur_Squelette,https://i.redd.it/mpre6nx1exk41.jpg ,F,0,2020-03-06 00:53:28
Lol,babybluebluebaby,https://i.redd.it/km1ip3bydxk41.jpg ,F,0,2020-03-06 00:52:54
My fiance and I got our first puppy together !! 7 weeks young German Sheppard ‚ù§,LadyEmmure,https://i.redd.it/cmf9ixrxdxk41.jpg ,F,0,2020-03-06 00:52:51
What's wrong with my dog???,hwhwb2n2n,https://i.redd.it/rtkpmsjudxk41.jpg ,F,0,2020-03-06 00:52:19
I caught him in a cup. Paid him for the photoshoot with a big string cheese when I freed him.,heftyhustla,https://i.redd.it/i0xoxpohdxk41.jpg ,F,0,2020-03-06 00:50:21
How?,ASecretSeal,https://i.redd.it/5taagxnedxk41.jpg ,F,0,2020-03-06 00:49:51
I have the sweetest little buddy for my day off,ShiftyMongoos77,https://i.redd.it/tolqofxddxk41.jpg ,F,0,2020-03-06 00:49:45
Flashback to my beautiful girl... i miss her so much,creamy__cupcake,https://i.redd.it/csyd5gy3dxk41.jpg ,F,0,2020-03-06 00:48:10
"When I got married, I was so lucky too get a wonderful husband and the cutest kitty daughter. She gives the best cuddles in the whole world.",vintagebirdie922,https://i.redd.it/se4162txcxk41.jpg ,F,0,2020-03-06 00:47:31
Winry-butt waiting patiently for her treat,Akjysdiuh708,https://i.redd.it/018hiv8xcxk41.jpg ,F,0,2020-03-06 00:47:08
Was out making some BBQ when this little fella decided to join in,FNKgamer98,https://i.redd.it/r1kuv5fvcxk41.jpg ,F,0,2020-03-06 00:46:51
"My dog Wishbone is my best friend, the way he looks at me every day helps me feel better",WarMonkey88,https://i.redd.it/p8pe6035bxk41.jpg ,F,0,2020-03-06 00:37:09
Care to join,Ricobois,https://i.redd.it/ngvw1lzkcxk41.jpg ,F,0,2020-03-06 00:45:13
My boys are growing to be the best of friends,foddings,https://i.redd.it/uerjf59ccxk41.jpg ,F,0,2020-03-06 00:43:52
He wont let me finish my homework,I_will_eat_ur_balut,https://i.redd.it/8v3mnu24cxk41.jpg ,F,0,2020-03-06 00:42:38
Opie Taylor just turned 1! Even smiled for his bday pic!,WhatUpRell1,https://i.redd.it/rox7rdozbxk41.jpg ,F,0,2020-03-06 00:42:08
Buddies - Monk & Tink,lindalee5479,https://i.redd.it/iliegs8pbxk41.jpg ,F,0,2020-03-06 00:41:09
"Look, I know this is not really the place but I'm desperate. I need somebody to paint/ draw my little cat. She is nearing the end and I realized I have nearly *nothing* to remember her by. Please somebody contact me and help me and my dear cat out big time",RopeyPolecat540_,https://i.redd.it/yvr4woqhbxk41.jpg ,F,0,2020-03-06 00:39:07
"I don‚Äôt always stand on my daddy, but when I do I look super cute doing it!! ‚ô•Ô∏èüê∂üêæ",cbusler71,https://i.redd.it/b67j5uphbxk41.jpg ,F,0,2020-03-06 00:39:07
Froze her nose chasing balls in the snow,Farbgardner,https://i.redd.it/2u8y6dyabxk41.jpg ,F,0,2020-03-06 00:38:52
My favorite picture of our 2 puppies before we even bought them home. Shame it is out of focus. Cuteness overload,fixtheblue,https://i.redd.it/n6zzjr0yaxk41.jpg ,F,0,2020-03-06 00:36:02
My boopy baby boy,Bellatrona,https://i.redd.it/ofjth1ntaxk41.jpg ,F,0,2020-03-06 00:35:24
This is Tiger. He likes to pretend he‚Äôs a stray for snacks but I have a feeling he‚Äôs got a home.,PussiesInRedUniform,https://i.redd.it/zvqny9graxk41.jpg ,F,0,2020-03-06 00:35:02
Waiting nicely for her turn,InfamousArtichoke,https://i.redd.it/npiqat5eaxk41.jpg ,F,0,2020-03-06 00:33:23
"Say ""ahhhh""",FrodoFeet,https://i.redd.it/step63lw9xk41.jpg ,F,0,2020-03-06 00:30:21
Puppy farm rescue finds his smile üòä,Lisapeps,https://i.redd.it/b9epiteq9xk41.jpg ,F,0,2020-03-06 00:29:21
the tummy scratches,Bludicrous,https://i.redd.it/gj3two2q9xk41.jpg ,F,0,2020-03-06 00:29:14
pocket dachshund,soldierblue218,https://i.redd.it/z92f792f9xk41.jpg ,F,0,2020-03-06 00:28:31
This is the cutest thing ever,babybluebluebaby,https://i.redd.it/wsvpbv1k9xk41.jpg ,F,0,2020-03-06 00:28:17
My sweet girl,mrssmithest15,https://i.redd.it/uotgkzsi9xk41.jpg ,F,0,2020-03-06 00:28:06
JRT Galore. Olivia‚ù§ & bros. All we need is luv,Olivietto73,https://i.redd.it/ljoyniwh9xk41.jpg ,F,0,2020-03-06 00:27:56
Henlo down therr,NickDSR_,https://i.redd.it/uxhskv0e9xk41.jpg ,F,0,2020-03-06 00:27:20
This is the cutest photo in the world according Google XD,MaribuCSGO,https://i.redd.it/59ch7i699xk41.jpg ,F,0,2020-03-06 00:26:52
"My Doxle, Dougal. The best parts of a Dachshund and a Beagle.",AmanitaMikescaria,https://i.redd.it/htbw843d8xk41.jpg ,F,0,2020-03-06 00:25:43
Mojo was sleeping in and wasn‚Äôt ready for the curtains to be opened. He‚Äôs my spirit animal.,johnsonr88,https://i.redd.it/rk1nrtz29xk41.jpg ,F,0,2020-03-06 00:25:36
My kitty cat always hides behind her tail when I try to take a picture... Haha,uwuzelda,https://i.redd.it/tvdg1yk19xk41.jpg ,F,0,2020-03-06 00:25:23
This little Devil showing her Angelic side after her first haircut !,cenzNBA,https://i.redd.it/0ys7vkao8xk41.jpg ,F,0,2020-03-06 00:25:06
big beautiful boy üñ§,mrssmithest15,https://i.redd.it/zaio2rvu8xk41.jpg ,F,0,2020-03-06 00:24:21
Kittybeeb sleepy lady,alexhaxspace,https://i.redd.it/hcrtle6t8xk41.jpg ,F,0,2020-03-06 00:24:05
They be chilling,sweedev,https://i.redd.it/m47qdmfq8xk41.jpg ,F,0,2020-03-06 00:23:43
"When I'm laying in bed with a stomach bug, apparently this is how I'm supposed to get better.",holywhitefang1,https://i.redd.it/bjqlqbqp8xk41.jpg ,F,0,2020-03-06 00:23:33
Aww,freddy_plays_csgo,https://i.redd.it/qsy6p4gn8xk41.jpg ,F,0,2020-03-06 00:23:11
"Eating some beef jerky, hear the swishing of tails on a carpet behind me. Turn around and had to take a picture.",MalTerra7,https://i.redd.it/4p4rs4yc8xk41.jpg ,F,0,2020-03-06 00:21:34
My doggo‚ù§Ô∏è,memes_ya_goy2,https://i.redd.it/tpwu4rt88xk41.jpg ,F,0,2020-03-06 00:20:59
Who wants this kitty‚ù§?,Jack___Beard,https://i.redd.it/ux4l6i438xk41.gif ,F,0,2020-03-06 00:20:09
This little tree rat visits us daily,kaseroni23,https://i.redd.it/vqatgw338xk41.jpg ,F,0,2020-03-06 00:20:02
Our dear Welsh Corgi was so curious about our visitor that she decided to sneak an ear under the door to listen what we were talking about,Cicatrice_,https://i.redd.it/0n7zc5y18xk41.jpg ,F,0,2020-03-06 00:19:58
Cute,NukedGames,https://i.redd.it/i5ep2lb18xk41.jpg ,F,0,2020-03-06 00:19:45
"My cat Jopie, again",nyooooooooooooooooom,https://i.redd.it/7iinwjfp7xk41.jpg ,F,0,2020-03-06 00:17:53
Loki is quite a photogenic kitty,_scr00m_,https://i.redd.it/5ryrxawk7xk41.jpg ,F,0,2020-03-06 00:17:11
My puppy Pepper looking very happy in this puddle,Tryingsuperduper,https://i.redd.it/3dkca6mi7xk41.jpg ,F,0,2020-03-06 00:16:50
Visited local nursery today and woke up this sweet guy. He didn‚Äôt get mad at me and posed for pictures,s24k4,https://i.redd.it/960s44qg7xk41.jpg ,F,0,2020-03-06 00:16:31
This samoyds ears though üôå‚ù§,Jack___Beard,https://i.redd.it/ylfm9u0f7xk41.gif ,F,0,2020-03-06 00:16:25
My blind cat likes grooming the other cats,rhyanin,https://i.redd.it/w195gc1e7xk41.jpg ,F,0,2020-03-06 00:16:10
That smile makes my day ü§£,Gooseyander,https://i.redd.it/3wca82117xk41.jpg ,F,0,2020-03-06 00:14:05
The little paws!,Xiao_lou,https://i.redd.it/7x10g0ts6xk41.jpg ,F,0,2020-03-06 00:12:50
Kira has had a long day,hashurubiano,https://i.redd.it/3l7wyo5l6xk41.jpg ,F,0,2020-03-06 00:11:40
This is Peanut my awesome dog üòÑ,Naive-Arrival,https://i.redd.it/zo9zjdwe6xk41.jpg ,F,0,2020-03-06 00:10:42
This is Radar. Someone cut off his ears and I adopted him after his recovery. He still loves his head to be scratched.,theonlypest,https://i.redd.it/x1p8xxlczxk41.jpg ,F,0,2020-03-06 02:52:59
He's just sitting on his throne,pleaseendme44,https://i.redd.it/q0elwh4xyxk41.jpg ,F,0,2020-03-06 02:50:30
"My neighbor's cat, Chicago",5434error784,https://i.redd.it/jomfcpfxyxk41.jpg ,F,0,2020-03-06 02:50:30
"My buddy and his girl, Josie.",heydawn,https://i.redd.it/gbh6tbwoyxk41.jpg ,F,0,2020-03-06 02:49:08
Riiiight.... I‚Äôm not allowed on the furniture....gotcha! üòâ,Queen1e88,https://i.redd.it/y76jhv4lyxk41.jpg ,F,0,2020-03-06 02:48:36
My baby Jaxx looking sweet.,shockkas,https://i.redd.it/r8qtbpgkyxk41.jpg ,F,0,2020-03-06 02:48:29
Foo turned one just a couple of days ago!,ZombieAngelic,https://i.redd.it/r8vhf5zeyxk41.jpg ,F,0,2020-03-06 02:47:36
Trapped,sovietghosts,https://i.redd.it/anyak2z5yxk41.jpg ,F,0,2020-03-06 02:46:17
Moon thinks my laptop is warm,XxPeculiarSoulxX,https://i.redd.it/9o0z8336yxk41.jpg ,F,0,2020-03-06 02:46:14
I found a ribbon so I put it on my dog and she seemed to like it. She got mad when I took it off,gamebuddy15,https://i.redd.it/jlwj84y2yxk41.jpg ,F,0,2020-03-06 02:45:44
"We always joked that our kitty Walter looked like Toothless... then he got stomatitis, and had to have all of his teeth removed üôÄ and truly is *toothless* (biiiggg yawn!)",tinylittlekittycat,https://i.redd.it/nq7rwplvxxk41.jpg ,F,0,2020-03-06 02:44:37
Meet Opie!,K_A_L4560,https://i.redd.it/0qod9drnxxk41.jpg ,F,0,2020-03-06 02:43:56
She likes her new bed...,MLGCatz,https://i.redd.it/tm8qa5qtwxk41.jpg ,F,0,2020-03-06 02:38:42
Majestic,Swedishfartmachine,https://i.redd.it/me6h8dbtwxk41.jpg ,F,0,2020-03-06 02:38:40
"This is Purrcival, he ate an entire catnip plant threw up and then stared at me for 10 minutes",AFspectre,https://i.redd.it/te4mjg3cwxk41.jpg ,F,0,2020-03-06 02:37:55
Time to wake up,LudensOperator,https://i.redd.it/uoawr38mwxk41.jpg ,F,0,2020-03-06 02:37:33
My dog loves camoflage,CoolD28,https://i.redd.it/3rbn58m8wxk41.jpg ,F,0,2020-03-06 02:35:27
a boy in heaven,shitdrip,https://i.redd.it/k4ahig1wvxk41.jpg ,F,0,2020-03-06 02:35:09
Everytime I try to sit down my kitten will crawl on my lap,ops_castlebravo,https://i.redd.it/4xgsl5d4wxk41.jpg ,F,0,2020-03-06 02:34:44
This wont go far but need to show you all her outrageously cute tactic to keep her tail under control,Jahksen,https://i.redd.it/hq4uwufxvxk41.jpg ,F,0,2020-03-06 02:33:46
Little baby tortoiseshell kitty,malignantmuffin,https://i.redd.it/vj766lxkvxk41.jpg ,F,0,2020-03-06 02:31:42
He fell asleep after his bath,sexysammidge,https://i.redd.it/lb3y2q3fvxk41.jpg ,F,0,2020-03-06 02:30:50
Such a sweet face üòç,idk2u,https://i.redd.it/ajws0x5fvxk41.jpg ,F,0,2020-03-06 02:30:50
I love catching them sleeping together when I come home ‚ù§,kyqush,https://i.redd.it/p22fye07vxk41.jpg ,F,0,2020-03-06 02:29:38
My cute pupper sleeping,Dominus_Pullum,https://i.redd.it/uohn0vpyuxk41.jpg ,F,0,2020-03-06 02:28:15
He fell asleep with his ear on the water bowl üòÇ,KermiteLeFrog,https://i.redd.it/j4u12qmruxk41.jpg ,F,0,2020-03-06 02:27:08
Taking a break from gnawing on his rawhide bone.,a50RockSang,https://i.redd.it/urj9ppx4uxk41.jpg ,F,0,2020-03-06 02:25:07
Peekaboo!,SpicyFoodQueen,https://i.redd.it/p98qslv9uxk41.jpg ,F,0,2020-03-06 02:24:32
Nap time,reeeeeeeee22e,https://i.redd.it/llu5pysauxk41.jpg ,F,0,2020-03-06 02:24:31
Kitty fur covering puppy face.,jenn1ferm122480,https://i.redd.it/gn0nagw8uxk41.jpg ,F,0,2020-03-06 02:24:21
I like the look of this side quest,Aly3n,https://i.redd.it/7sdxdouztxk41.jpg ,F,0,2020-03-06 02:22:55
Tried a new dog boarding place and they‚Äôve put me at ease by sending daily updates with pics like these,freezerpops,https://i.redd.it/r0amr4axtxk41.jpg ,F,0,2020-03-06 02:22:26
This old guy still knows how to play the charm,Dekronos,https://i.redd.it/pmx73vbvtxk41.jpg ,F,0,2020-03-06 02:22:10
Two little sisters pocket and baby !! So adorable I want to snuggle but they are far from interested in cuddling !! I want to gobble them up sooooo adorable little girlsü•∞ü•∞üêÄüêÅ,spam2426,https://i.redd.it/snjxyshwsxk41.jpg ,F,0,2020-03-06 02:16:44
My Sleeping boy,J-a-kinsey086,https://i.redd.it/k2xkbctusxk41.jpg ,F,0,2020-03-06 02:16:28
My dog has been chosen,Caddy2455,https://i.redd.it/6y3lno4usxk41.jpg ,F,0,2020-03-06 02:16:19
The face he makes when I‚Äôm not sharing food.,Heyyholahii,https://i.redd.it/15hrogopsxk41.jpg ,F,0,2020-03-06 02:15:38
"Happy puppy in Astoria, NY",vrncgn,https://i.redd.it/f8ide8wlsxk41.jpg ,F,0,2020-03-06 02:15:05
"She might be cute, but I just caught her eating a dried-out rose.",Salisbby,https://i.redd.it/w9y30i0csxk41.jpg ,F,0,2020-03-06 02:13:32
My Cat [11] is an Old Man Part II: Falls Asleep Watching TV,Frenchorican,https://i.redd.it/t014i2v7sxk41.jpg ,F,0,2020-03-06 02:13:20
Bandit!! It was his first birthday so I wanted to do a then/now pic.. march3rd 2019/march3rd 2020 üòÅ‚ù§ !!,Savingryansprivates-,https://i.redd.it/gg2xlkrxrxk41.jpg ,F,0,2020-03-06 02:11:20
"95 and still whooping ars, Mimi, not me",GotKobeBeef,https://i.redd.it/18nv27ymrxk41.jpg ,F,0,2020-03-06 02:09:36
my little sonic,Square_Bread,https://i.redd.it/ibwc572hrxk41.jpg ,F,0,2020-03-06 02:08:43
Happy Gotcha Day to Blue Dogg!,billswerskihypetrain,https://i.redd.it/xtuld4mvqxk41.jpg ,F,0,2020-03-06 02:05:23
My little boy Merlin resting after a long day of fucking with the other cat,smoky_paprika,https://i.redd.it/niae7ggvqxk41.jpg ,F,0,2020-03-06 02:05:21
Meet Ember. She‚Äôs starting to learn to bite her toys instead of people‚Äôs toes,madmike199,https://i.redd.it/g8owr12vqxk41.jpg ,F,0,2020-03-06 02:05:16
She‚Äôs all ears,white_gucci_man,https://i.redd.it/0wr21bqnqxk41.jpg ,F,0,2020-03-06 02:04:07
Lazy Daisy sleepin',Skruffy44,https://i.redd.it/hainzcfjqxk41.jpg ,F,0,2020-03-06 02:03:28
The Cutest Devil Doggo: Rita,creepydoll1313,https://i.redd.it/d5c5etniqxk41.jpg ,F,0,2020-03-06 02:03:21
"The one and only Maeve. A.K.A... Mavis, Mavie, Mavis Many Claws.",plasticpaddy1029,https://i.redd.it/n5v2x5kgqxk41.jpg ,F,0,2020-03-06 02:03:00
my cat showing off his cute face,shemale-at-gmail,https://i.redd.it/vx6khucfqxk41.jpg ,F,0,2020-03-06 02:02:48
Some Koality parenting,receptiveblocks,https://i.redd.it/67xae89rpxk41.jpg ,F,0,2020-03-06 01:59:33
R/awwwww sleeping c h u n k,Official_EliteJager,https://i.redd.it/o7gawm7mkxk41.jpg ,F,0,2020-03-06 01:30:16
looks like someone's in a really comfortable spot,The_Almighty_Demoham,https://i.redd.it/j8cdzdylpxk41.jpg ,F,0,2020-03-06 01:58:16
Other perspective,AmareloPL,https://i.redd.it/v36gu93hpxk41.jpg ,F,0,2020-03-06 01:57:29
My fat friend showing off his belly,naive_artist,https://i.redd.it/x85uk4yepxk41.jpg ,F,0,2020-03-06 01:57:13
My friend‚Äôs ferrets are best friends. One is deaf and the other helps her out. They have their own beds but only share one so they can snuggle.,dmonshrooms,https://i.redd.it/6lqi4codpxk41.jpg ,F,0,2020-03-06 01:56:58
Mutual miring,anyankana11,https://i.redd.it/dvkdwltcpxk41.jpg ,F,0,2020-03-06 01:56:51
Sister snuggles,shelbtastic23,https://i.redd.it/v0rg7tf0pxk41.jpg ,F,0,2020-03-06 01:54:53
I‚Äôm watching my parents kitty for a few days! Day one and she‚Äôs already this cuddly!! Say hi to Zoe everyone c:,Frayjais,https://i.redd.it/9kbwpzguoxk41.jpg ,F,0,2020-03-06 01:53:57
Chilling like a villain,emme2844,https://i.redd.it/l7hsiwxnoxk41.jpg ,F,0,2020-03-06 01:52:58
Its little windy out here...are we done yet?,goldendoodledoos,https://i.redd.it/c7mda6oboxk41.jpg ,F,0,2020-03-06 01:52:44
Pretty Girl Just Tryna Warm Up,thetza_,https://i.redd.it/62491nc7oxk41.jpg ,F,0,2020-03-06 01:50:22
"Excuse me, sir. I think you are sleeping in my bed.",Wolfsaiman,https://i.redd.it/1tr090y5oxk41.jpg ,F,0,2020-03-06 01:50:09
What am I supposed to do now?,RedShamrock05,https://i.redd.it/1l1z4t21oxk41.jpg ,F,0,2020-03-06 01:49:24
I love when she let's me tuck her in <3,p1vto,https://i.redd.it/29wuf2fwnxk41.jpg ,F,0,2020-03-06 01:49:00
"I met a wonderful older man at the dog park recently. He fell in love with my puppy, and I told him that his sister was still available. He bought her and the pups got to see each other today!",paisleygirl4,https://i.redd.it/uywjtiefnxk41.jpg ,F,0,2020-03-06 01:46:02
My cutie <3,TaiTheUncreator,https://i.redd.it/e5kzygvanxk41.jpg ,F,0,2020-03-06 01:45:25
The happiest of pups,Squee07,https://i.redd.it/47ouwzt9nxk41.jpg ,F,0,2020-03-06 01:45:08
First Swim <3,High-Bread,https://i.redd.it/7urd9w4tmxk41.jpg ,F,0,2020-03-06 01:42:33
King!,TruthisaPerson,https://i.redd.it/mbsjc70qmxk41.jpg ,F,0,2020-03-06 01:42:04
This is Dusty.,lszo,https://i.redd.it/zyp5qamnmxk41.jpg ,F,0,2020-03-06 01:41:43
This is my taco cat :D,Angelchild32,https://i.redd.it/qebkqfycmxk41.jpg ,F,0,2020-03-06 01:41:10
Creepy furbaby creeping in the shower,CoolCatXP,https://i.redd.it/19vkliv9mxk41.jpg ,F,0,2020-03-06 01:40:10
Cheddar has his own ideas of the best way to photo the tray,CSVF99502,https://i.redd.it/6j5mqbi7mxk41.jpg ,F,0,2020-03-06 01:39:12
Thicc belly ready for a scritch.,nicopedia305,https://i.redd.it/951gf5yvlxk41.jpg ,F,0,2020-03-06 01:37:23
"Helo human, me like snuw ‚ùÑ",OlavMeister,https://i.redd.it/mccldzdqlxk41.jpg ,F,0,2020-03-06 01:36:31
My nephew,TribalWhitey17,https://i.redd.it/38feskv1lxk41.jpg ,F,0,2020-03-06 01:32:47
My alarm clock likes to sit on my back until I wake up to let her pee. She gets tired waiting quite a while...,ouioui_baguette,https://i.redd.it/1jodh3zwkxk41.jpg ,F,0,2020-03-06 01:31:55
My Shiba Inus are 5 weeks old today! :),n00dlezz,https://i.redd.it/pa0xeuitkxk41.jpg ,F,0,2020-03-06 01:31:23
Goldens know the way home,blove1150r,https://i.redd.it/s8wbpz2gkxk41.jpg ,F,0,2020-03-06 01:29:21
Itty Bitty Pretty Kitty,carlybarleypants,https://i.redd.it/bl3dw3gekxk41.jpg ,F,0,2020-03-06 01:29:09
When you know full well you're the good boy,ShinyNickit,https://i.redd.it/mm4wdnn9kxk41.jpg ,F,0,2020-03-06 01:28:36
It‚Äôs Penny‚Äôs quinceanera üéâ,Is_this_social_media,https://i.redd.it/n9phf4p9kxk41.jpg ,F,0,2020-03-06 01:28:22
Always a great team,ritzz2_0,https://i.redd.it/yz6iutv9kxk41.jpg ,F,0,2020-03-06 01:28:21
Oh were you working here ?,eggs12386,https://i.redd.it/8f1ds2e7kxk41.jpg ,F,0,2020-03-06 01:27:56
"Elsie, the 4mo Chukcha Hippo",ShoogieBundt,https://i.redd.it/oxnv9vx5kxk41.jpg ,F,0,2020-03-06 01:27:43
I met a baby alpaca today,squarecircletriangle,https://i.redd.it/b3qmy010kxk41.jpg ,F,0,2020-03-06 01:26:51
Jackie Chan,emme2844,https://i.redd.it/piie059yjxk41.jpg ,F,0,2020-03-06 01:26:34
"My baby little girl, Mollie",trollsoultoll,https://i.redd.it/pdrl8qbujxk41.jpg ,F,0,2020-03-06 01:26:27
Make yourself at home!,Greatwhitesharkbait,https://i.redd.it/08kfhr3sjxk41.jpg ,F,0,2020-03-06 01:25:33
"Late at night, got up and wondered ‚Äúwhat would it look like if I put my cat on charge‚Äù",ReekoKeeko69,https://i.redd.it/ps172dncjxk41.jpg ,F,0,2020-03-06 01:23:15
"My majestic boy, John Marston",jodibeecosplay,https://i.redd.it/sarpgw6sixk41.jpg ,F,0,2020-03-06 01:19:59
The little monster fighting whit the evil stick,poulopopo,https://i.redd.it/rb0rlmwpixk41.jpg ,F,0,2020-03-06 01:19:36
My beautiful cats rescued from a farm,Frostile48,https://i.redd.it/6sw2abxmixk41.jpg ,F,0,2020-03-06 01:19:17
2 of my youngest cousins together,Albag-Daddy,https://i.redd.it/knfa5ahcixk41.jpg ,F,0,2020-03-06 01:18:25
Busted!,Batjann,https://i.redd.it/hm6hz1yhixk41.jpg ,F,0,2020-03-06 01:18:22
The spotting of a wild Bush Lab...,tub45,https://i.redd.it/1aytb8zcixk41.jpg ,F,0,2020-03-06 01:17:36
Happy as could be after pulling me on a skateboard around the block,xcometg,https://i.redd.it/qktk7l1aixk41.jpg ,F,0,2020-03-06 01:17:14
My old cat Cutie being held by my sister,CreamyKerem,https://i.redd.it/dekc08kaixk41.jpg ,F,0,2020-03-06 01:17:13
First walk.. Exhausted :),poulopopo,https://i.redd.it/t9v3l6u8ixk41.jpg ,F,0,2020-03-06 01:16:58
My Doxy... he snuggles with me every night.,sassygingeraffe,https://i.redd.it/4arq79k0ixk41.jpg ,F,0,2020-03-06 01:15:40
"So, this just happened. I may have to bottle feed the runt because it's not doing as well as the other one.",Uncle-Becky,https://i.redd.it/oytbevco1yk41.jpg ,F,0,2020-03-06 03:05:53
Maastricht!,Mooidag,https://i.redd.it/c5po3vvn1yk41.jpg ,F,0,2020-03-06 03:05:50
Ruby had lots of fun on her walk today ‚ú®,cloudygrande,https://i.redd.it/3eo19fq21yk41.jpg ,F,0,2020-03-06 03:02:30
Two doggos and the bun just chillin,bacon-monkey06,https://i.redd.it/37c3d9b11yk41.jpg ,F,0,2020-03-06 03:02:17
I‚Äôm sorry were you trying to jigsaw?,AffectedArc07,https://i.redd.it/k4msyswl0yk41.jpg ,F,0,2020-03-06 02:59:53
They are posing for their new album ‚ÄúLyfe on tha Fahm‚Äù. Photo credit:Rob Macinnis,essentia2135,https://i.redd.it/a1iuhmkg0yk41.jpg ,F,0,2020-03-06 02:59:24
The angelic upsidedown sleeping corgi,jamiesam26,https://i.redd.it/ifgg0czg0yk41.jpg ,F,0,2020-03-06 02:59:10
